month_key,Customer ID,Segment,total_sales,total_profit,total_orders
201902,AB-10015,Consumer,12.624,-2.5248,1
201902,BD-11500,Consumer,468.9,206.316,1
201902,BF-11020,Corporate,21.36,7.209,1
201902,CD-12790,Home Office,12.35,5.8045,1
201902,CK-12760,Corporate,115.36,49.6048,1
201902,CS-12250,Corporate,64.96,9.744,1
201902,DB-13270,Home Office,117.136,45.1064,2
201902,DL-13315,Consumer,63.16,-5.962,2
201902,EB-13930,Consumer,199.296,1.347999999999999,2
201902,GA-14725,Consumer,474.37999999999994,91.5686,5
201902,JH-15430,Consumer,55.672,18.789299999999997,2
201902,JS-16030,Consumer,19.456,3.4048,1
201902,LC-16930,Corporate,82.63,29.3404,2
201902,LC-17050,Consumer,290.666,3.4196,1
201902,MG-17875,Home Office,11.364,-4.522500000000001,2
201902,MH-17440,Corporate,17.248,6.0368,1
201902,ML-17395,Corporate,560.55,114.1104,3
201902,MN-17935,Consumer,9.04,-15.658,2
201902,ND-18460,Corporate,321.56,91.2541,3
201902,NF-18385,Consumer,1508.13,186.73739999999998,3
201902,NM-18445,Home Office,14.56,5.5328,1
201902,SA-20830,Consumer,19.44,9.3312,1
201902,SC-20095,Consumer,129.568,-24.294,1
201902,SR-20740,Home Office,12.96,6.2208,1
201902,ST-20530,Consumer,16.176,6.066,1
201902,TB-21400,Consumer,97.11200000000001,31.5614,2
201902,TB-21595,Consumer,25.16,-11.322,1
201902,TM-21010,Consumer,8.85,-13.7175,1
201908,AG-10525,Corporate,193.93599999999998,27.7412,2
201908,AP-10915,Consumer,424.37600000000003,98.58479999999999,6
201908,AS-10630,Home Office,5.68,1.917,1
201908,AT-10735,Consumer,121.24,21.485,2
201908,BD-11605,Consumer,505.282,93.7844,5
201908,BF-10975,Corporate,185.352,51.7237,3
201908,BK-11260,Consumer,163.62,51.1464,3
201908,BS-11365,Corporate,344.91,10.3473,1
201908,BS-11590,Corporate,30.246000000000002,-23.544,3
201908,BS-11755,Consumer,221.35,-161.5825,2
201908,BW-11200,Consumer,891.7760000000001,82.00880000000001,2
201908,CC-12610,Corporate,1812.0100000000002,481.4421,3
201908,CR-12625,Home Office,19.44,9.5256,1
201908,CR-12730,Consumer,421.372,-6.0196,1
201908,CS-12130,Consumer,472.044,84.36160000000001,3
201908,CS-12175,Corporate,196.21,98.105,1
201908,CS-12355,Consumer,306.54,77.03020000000001,3
201908,DE-13255,Home Office,3.912,1.0269,1
201908,DH-13675,Home Office,457.74399999999997,72.60040000000001,6
201908,DJ-13510,Corporate,484.78999999999996,187.7404,4
201908,DW-13195,Corporate,358.696,48.6048,2
201908,DW-13585,Corporate,25.5,6.63,1
201908,ED-13885,Home Office,20.88,9.6048,1
201908,FM-14290,Home Office,176.8,22.984,1
201908,GH-14410,Home Office,93.024,33.7212,1
201908,GM-14500,Consumer,5.98,2.691,1
201908,GM-14680,Consumer,76.28,26.8774,3
201908,GZ-14470,Consumer,489.23,41.934,1
201908,HH-15010,Corporate,123.28,60.273599999999995,2
201908,IL-15100,Consumer,19.752,6.9132,1
201908,JE-15715,Consumer,38.064,-59.6184,2
201908,JF-15415,Consumer,11.56,5.6644,1
201908,JH-15985,Consumer,2060.744,643.9825,1
201908,JK-15625,Consumer,10.72,1.742,1
201908,JM-15265,Corporate,176.14,58.69799999999999,4
201908,JP-15460,Corporate,25.951999999999998,10.8096,2
201908,JP-15520,Consumer,7.632,-1.8126,1
201908,KB-16315,Consumer,31.4,14.1098,3
201908,KB-16585,Corporate,15.552,5.4432,1
201908,KH-16510,Consumer,30.96,-52.632,1
201908,KL-16645,Consumer,375.34,18.767,1
201908,LH-16900,Consumer,638.82,172.4814,1
201908,LL-16840,Consumer,286.65000000000003,104.8788,2
201908,LR-16915,Consumer,2049.8160000000003,604.5839,4
201908,MA-17560,Home Office,1109.725,436.102,5
201908,MB-17305,Consumer,217.352,-13.8317,2
201908,MG-17650,Home Office,1310.3359999999998,24.364399999999996,2
201908,ML-17395,Corporate,617.12,256.9266,3
201908,MM-17920,Consumer,13.36,6.4128,1
201908,MS-17770,Consumer,85.96,-57.7136,2
201908,MW-18220,Consumer,1007.944,75.5958,1
201908,NC-18535,Corporate,1417.35,575.9101,3
201908,NZ-18565,Home Office,886.28,248.02759999999998,3
201908,PP-18955,Home Office,158.61,54.9951,2
201908,RA-19945,Consumer,709.0425,-436.74309999999997,3
201908,RB-19645,Corporate,57.855999999999995,20.0424,2
201908,RC-19960,Consumer,199.256,67.7109,4
201908,RD-19720,Consumer,13.809000000000001,-7.4901,2
201908,RF-19735,Consumer,62.91,22.6476,1
201908,RH-19495,Consumer,71.84,34.9424,2
201908,RS-19420,Corporate,1217.3799999999999,318.929,3
201908,SJ-20500,Consumer,92.52,18.504,1
201908,SP-20650,Corporate,151.95000000000002,43.7397,2
201908,SS-20590,Consumer,78.12,15.1416,3
201908,TB-21625,Consumer,199.98,83.9916,1
201908,TM-21010,Consumer,423.28,110.0528,1
201908,TS-21610,Consumer,853.092,-227.4912,1
201908,VD-21670,Consumer,2126.034,576.5563,6
201908,VG-21790,Consumer,155.456,-7.7728,1
201908,ZD-21925,Consumer,244.76,25.8774,3
201910,AA-10375,Consumer,34.272,11.1384,1
201910,AC-10450,Consumer,742.336,83.5128,1
201910,AC-10660,Consumer,191.34,-4.9704,2
201910,AH-10030,Corporate,49.408,18.528,1
201910,AH-10585,Consumer,447.88,41.592,2
201910,AJ-10780,Corporate,1421.664,-734.5264,1
201910,AM-10360,Corporate,15.36,7.68,1
201910,AM-10705,Consumer,2116.5060000000003,472.0844,7
201910,AP-10915,Consumer,11.85,3.792,1
201910,AR-10405,Corporate,265.784,17.3504,2
201910,AS-10225,Corporate,2216.8,444.6902,3
201910,AS-10240,Consumer,7.64,3.7436,1
201910,BD-11500,Consumer,344.27400000000006,102.7609,3
201910,BD-11635,Consumer,91.92,11.49,1
201910,BP-11050,Corporate,22.24,2.502,1
201910,BP-11095,Corporate,88.768,31.0688,1
201910,BP-11290,Consumer,258.279,-70.1043,1
201910,BT-11395,Corporate,257.98,74.8142,1
201910,CC-12220,Consumer,589.41,-6.549,1
201910,CM-12715,Corporate,1488.774,117.4008,4
201910,DB-12910,Home Office,10.368,3.6288,1
201910,DB-13555,Corporate,16.23,7.3605,2
201910,DF-13135,Consumer,110.098,37.8771,2
201910,DL-12865,Consumer,15.384,4.0383,1
201910,DN-13690,Consumer,160.21,66.1391,3
201910,DO-13435,Consumer,212.952,5.5236,3
201910,Dp-13240,Home Office,408.47,77.691,2
201910,EB-14170,Consumer,5.312,-1.5936,1
201910,EH-13765,Corporate,249.472,-12.213999999999999,3
201910,EH-14125,Home Office,321.552,20.097,1
201910,EH-14185,Consumer,54.474000000000004,-9.078899999999999,2
201910,ES-14080,Corporate,598.144,133.76319999999998,7
201910,FC-14335,Corporate,255.85,112.574,1
201910,FH-14275,Corporate,788.8600000000001,122.9662,3
201910,FH-14365,Corporate,426.942,-172.4535,2
201910,GG-14650,Corporate,1007.9359999999999,122.54350000000001,9
201910,HA-14920,Consumer,465.488,-56.736000000000004,2
201910,HG-15025,Consumer,2003.1200000000001,616.4554999999999,2
201910,IG-15085,Consumer,63.304,28.352400000000003,2
201910,JD-16015,Consumer,113.16,0.10580000000000034,2
201910,JE-15610,Corporate,292.82,27.1956,2
201910,JF-15490,Consumer,13.44,6.5856,1
201910,JF-15565,Consumer,483.336,78.5547,2
201910,JG-15115,Consumer,23.472,4.9878,1
201910,JG-15805,Corporate,107.44,10.744,1
201910,KH-16510,Consumer,99.98,34.993,1
201910,LS-16975,Home Office,862.202,97.9913,5
201910,LS-17200,Corporate,605.34,145.2816,1
201910,LS-17245,Consumer,194.322,91.4088,2
201910,MA-17995,Home Office,389.74,35.273,4
201910,MG-17680,Home Office,93.888,12.9096,1
201910,ML-17395,Corporate,264.92,36.5278,2
201910,MR-17545,Home Office,129.92,21.112,1
201910,NB-18580,Corporate,129.92,10.3936,1
201910,NC-18625,Corporate,77.86,36.5546,2
201910,NF-18475,Home Office,4.71,0.0,1
201910,NL-18310,Home Office,73.584,8.2782,1
201910,PO-18865,Consumer,211.96,8.4784,1
201910,RB-19435,Consumer,120.258,-84.7894,2
201910,RD-19810,Home Office,22.32,7.6626,2
201910,RD-19930,Consumer,57.908,-23.2796,5
201910,RP-19270,Corporate,306.11199999999997,97.8651,5
201910,SA-20830,Consumer,2735.952,341.994,1
201910,SD-20485,Home Office,46.872,3.5154,1
201910,SF-20965,Corporate,36.36,12.2715,1
201910,SJ-20500,Consumer,160.59199999999998,38.9355,2
201910,SL-20155,Home Office,67.75999999999999,5.082000000000001,2
201910,SP-20545,Corporate,7.752,2.8101,1
201910,TB-21520,Consumer,662.1379999999999,-144.4198,4
201910,TC-21295,Consumer,1885.27,312.94719999999995,3
201910,TN-21040,Home Office,137.632,21.2518,2
201910,TS-21370,Corporate,1252.602,18.614000000000004,5
201910,VP-21760,Corporate,386.34,54.0876,1
201910,XP-21865,Consumer,9.09,1.9089,1
201910,ZC-21910,Consumer,1549.77,379.4924,4
201911,AB-10165,Consumer,37.296,-1.0656,1
201911,AB-10600,Corporate,14.48,-23.892,1
201911,AD-10180,Home Office,5.88,1.9845,1
201911,AH-10075,Corporate,5.22,2.4012,1
201911,AH-10210,Consumer,606.3199999999999,87.19,2
201911,AP-10915,Consumer,143.128,19.1896,2
201911,AR-10540,Consumer,52.96,20.1248,1
201911,AT-10435,Home Office,5.742,-4.5936,1
201911,AT-10735,Consumer,147.344,49.7286,2
201911,BF-11080,Consumer,14.67,3.9609,1
201911,BG-11035,Consumer,149.9,40.473,1
201911,BH-11710,Consumer,808.928,-64.9594,2
201911,BP-11095,Corporate,36.1,16.7244,2
201911,BS-11380,Corporate,12.624,3.945,1
201911,BT-11440,Consumer,14.67,6.7482,1
201911,BT-11680,Consumer,998.85,-199.77,1
201911,CB-12025,Consumer,7.08,2.478,1
201911,CC-12220,Consumer,32.4,15.552,1
201911,CM-11815,Corporate,20.736,7.2576,1
201911,CS-11950,Consumer,669.6970000000001,-166.5343,4
201911,CS-12250,Corporate,542.34,110.84020000000001,4
201911,Co-12640,Consumer,5.04,1.764,1
201911,DB-12970,Corporate,203.1212,17.784999999999997,5
201911,DB-13360,Home Office,166.44,79.8912,1
201911,DE-13255,Home Office,20.04,8.8176,1
201911,DG-13300,Corporate,76.12,22.0748,1
201911,DH-13075,Corporate,865.5000000000001,323.127,4
201911,DH-13675,Home Office,460.092,15.180000000000001,3
201911,DK-12835,Corporate,155.372,-35.5136,1
201911,DK-12985,Consumer,646.2,-8.0775,1
201911,DL-12925,Consumer,733.5600000000001,246.954,3
201911,DM-13345,Corporate,13.632,3.708,2
201911,DP-13000,Consumer,153.112,18.686600000000002,2
201911,EA-14035,Corporate,94.264,-4.235199999999999,3
201911,EB-13870,Consumer,333.576,25.0182,1
201911,ED-13885,Home Office,23.68,8.88,1
201911,EH-13990,Consumer,120.712,-18.1068,1
201911,EH-14185,Consumer,6.928,-11.0848,1
201911,FG-14260,Home Office,34.44,17.22,1
201911,GA-14515,Consumer,43.68,20.9664,1
201911,GR-14560,Corporate,1284.38,359.83320000000003,5
201911,GT-14710,Consumer,2152.776,726.5619,1
201911,HP-14815,Home Office,111.15,48.906,1
201911,HR-14830,Corporate,721.476,79.7394,4
201911,JA-15970,Consumer,641.024,37.3136,2
201911,JC-16105,Corporate,67.15,16.7875,1
201911,JD-16150,Corporate,730.8525,17.552400000000002,3
201911,JE-15745,Consumer,19.3,-14.475,1
201911,JF-15190,Consumer,362.176,37.3976,3
201911,JG-15805,Corporate,21.98,9.891,1
201911,JK-15325,Corporate,269.592,17.298299999999998,2
201911,JK-15730,Consumer,1109.372,-284.74739999999997,5
201911,JK-16120,Home Office,799.92,239.976,1
201911,JL-15505,Consumer,86.52000000000001,41.276399999999995,3
201911,JM-15865,Consumer,4548.81,1228.1787,1
201911,JO-15145,Corporate,275.06,61.081199999999995,3
201911,JP-15520,Consumer,1517.574,201.211,6
201911,KD-16270,Consumer,1639.496,-1340.5041,7
201911,KH-16330,Corporate,907.5600000000001,251.172,4
201911,KH-16630,Corporate,1044.44,127.9659,4
201911,KN-16705,Home Office,277.57,133.6953,3
201911,LC-17050,Consumer,609.4380000000001,-131.5086,3
201911,LH-16900,Consumer,123.144,46.179,1
201911,LS-16975,Home Office,81.98,40.1702,1
201911,LS-17200,Corporate,67.112,22.444200000000002,4
201911,LS-17245,Consumer,414.63,139.1934,5
201911,LW-16825,Corporate,371.52,115.872,3
201911,MA-17560,Home Office,707.628,115.3796,3
201911,MC-17590,Corporate,1273.6229999999998,-117.8601,6
201911,MC-17635,Corporate,64.02,29.4492,1
201911,MD-17350,Consumer,1476.8339999999998,-127.15079999999999,5
201911,MH-17785,Corporate,867.74,149.942,2
201911,MK-17905,Corporate,392.94,43.2234,1
201911,ML-17410,Consumer,876.7299999999999,254.2444,2
201911,MO-17500,Consumer,17.248,6.0368,1
201911,MP-17470,Home Office,479.9,81.583,1
201911,MP-18175,Home Office,1393.872,17.952600000000004,2
201911,MS-17365,Consumer,317.48,90.4306,4
201911,MS-17530,Consumer,56.736000000000004,2.6925999999999988,3
201911,MS-17770,Consumer,290.104,-63.1114,2
201911,MW-18220,Consumer,503.13,136.4532,2
201911,MY-18295,Corporate,1661.028,-244.9116,2
201911,MZ-17515,Corporate,2158.694,784.8075,3
201911,ND-18370,Consumer,599.896,-39.7414,2
201911,NG-18355,Corporate,508.62,219.0774,4
201911,NG-18430,Consumer,2.624,0.4264,1
201911,NM-18445,Home Office,4807.372,2242.8404,5
201911,NW-18400,Consumer,1122.968,-249.494,3
201911,ON-18715,Corporate,66.616,7.8182,2
201911,PB-19105,Consumer,604.656,204.0714,1
201911,PB-19150,Consumer,175.292,-1.2364000000000006,3
201911,PB-19210,Corporate,62.808,21.1977,1
201911,PK-19075,Consumer,665.88,13.3176,1
201911,PL-18925,Home Office,65.8,31.83,2
201911,PO-18850,Consumer,88.776,7.7679,1
201911,PW-19240,Consumer,181.78799999999998,-86.73360000000001,2
201911,RA-19885,Corporate,1022.61,460.34450000000004,4
201911,RA-19915,Consumer,2027.144,252.3136,2
201911,RB-19330,Consumer,670.3779999999999,-90.1,2
201911,RB-19435,Consumer,1384.4940000000001,147.8459,4
201911,RB-19645,Corporate,9.96,4.8804,1
201911,RD-19720,Consumer,124.2,40.157399999999996,2
201911,RD-19900,Consumer,855.182,135.6491,7
201911,RF-19345,Corporate,6.642,-4.428,1
201911,RF-19840,Consumer,49.632,4.9632,1
201911,RH-19510,Home Office,273.96,10.9584,1
201911,RM-19675,Home Office,763.534,200.1136,5
201911,RP-19390,Consumer,11.64,3.3756,1
201911,SC-20020,Consumer,1194.8700000000001,299.7966,6
201911,SC-20095,Consumer,1037.19,-27.3199,4
201911,SC-20260,Corporate,10.95,3.285,1
201911,SC-20680,Home Office,101.57,31.5238,2
201911,SC-20725,Consumer,725.332,1.3483,3
201911,SE-20110,Consumer,51.016,8.2901,1
201911,SG-20470,Consumer,183.61,46.7761,2
201911,SG-20605,Consumer,840.712,240.6926,3
201911,SH-20395,Consumer,1804.9769999999999,-252.20179999999996,6
201911,SM-20005,Consumer,23.472,8.802,1
201911,SM-20950,Corporate,15.696,5.1012,1
201911,SP-20650,Corporate,89.97,18.8937,1
201911,SP-20920,Consumer,53.82,24.219,1
201911,SR-20740,Home Office,356.39,123.96039999999999,5
201911,SS-20140,Corporate,46.088,-88.0328,3
201911,SS-20410,Consumer,803.0400000000001,155.3241,3
201911,SW-20755,Corporate,94.732,19.7177,2
201911,SZ-20035,Home Office,52.064,18.8732,1
201911,TB-21595,Consumer,146.688,18.1296,2
201911,TC-20980,Corporate,100.398,-17.325599999999998,2
201911,TC-21475,Home Office,9.98,-16.467,1
201911,TC-21535,Home Office,6.72,3.36,1
201911,TH-21100,Consumer,1537.5439999999999,-240.7248,2
201911,TH-21235,Corporate,2.94,0.7938,1
201911,TS-21205,Corporate,1075.3700000000001,432.7264,3
201911,TS-21430,Corporate,545.928,-242.75119999999998,2
201911,TZ-21580,Consumer,1167.296,132.294,3
201911,VG-21790,Consumer,151.72,27.3096,1
201911,WB-21850,Consumer,1729.4160000000002,159.6372,5
201911,YC-21895,Corporate,3116.49,833.7633,3
202009,AB-10060,Home Office,18.54,8.7138,1
202009,AB-10150,Consumer,14.94,7.0218,1
202009,AC-10615,Corporate,150.76,-32.2976,2
202009,AG-10270,Consumer,37.68,16.956,1
202009,AG-10525,Corporate,701.392,-59.232,6
202009,AG-10900,Consumer,911.179,-25.0458,5
202009,AM-10705,Consumer,76.156,14.7026,3
202009,AR-10345,Corporate,179.886,-2.5698,1
202009,AS-10630,Home Office,135.936,-10.807599999999999,2
202009,AT-10435,Home Office,3.444,-2.5256,1
202009,BD-11500,Consumer,31.12,14.6264,1
202009,BE-11455,Home Office,25.9,12.691,1
202009,BG-11035,Consumer,1664.1319999999998,-972.0496,2
202009,BM-11575,Corporate,139.216,37.3324,3
202009,BM-11785,Consumer,2.946,-2.0622,1
202009,BO-11425,Consumer,6.08,2.0672,1
202009,BS-11590,Corporate,346.37,103.4915,2
202009,BS-11800,Home Office,188.63,77.1055,2
202009,BT-11305,Home Office,197.916,76.9434,2
202009,CA-12055,Home Office,89.86,-47.729,3
202009,CA-12265,Consumer,912.75,118.6575,1
202009,CC-12145,Consumer,99.036,-0.4907999999999999,2
202009,CC-12430,Home Office,271.764,60.392,1
202009,CC-12610,Corporate,140.736,12.3144,1
202009,CC-12670,Consumer,21.98,8.5722,1
202009,CC-12685,Consumer,1884.1440000000002,592.242,3
202009,CD-12790,Home Office,609.4359999999999,2.528,2
202009,CK-12760,Corporate,7.24,1.1765,1
202009,CM-11935,Consumer,35.12,13.17,1
202009,CM-12190,Consumer,443.92,8.8784,1
202009,CM-12385,Consumer,269.49,5.3898,1
202009,CP-12085,Corporate,238.152,89.307,1
202009,CS-11845,Corporate,25.032,7.8225,1
202009,CS-11950,Consumer,122.62199999999999,16.458,2
202009,CS-12130,Consumer,199.74,47.9376,1
202009,CS-12355,Consumer,919.49,258.27840000000003,4
202009,CT-11995,Consumer,215.18,19.720399999999998,2
202009,DB-13120,Corporate,178.79,58.4918,3
202009,DB-13405,Consumer,87.168,10.896,1
202009,DB-13615,Consumer,979.104,342.0882,3
202009,DE-13255,Home Office,1423.34,401.126,2
202009,DH-13675,Home Office,85.3,14.501,1
202009,DK-12895,Consumer,128.744,12.8744,1
202009,DL-12925,Consumer,204.6,53.196,1
202009,DM-12955,Corporate,220.31,38.6283,2
202009,DM-13525,Corporate,1082.1499999999999,167.111,4
202009,DR-12880,Corporate,899.91,395.9604,1
202009,DR-12940,Home Office,1388.46,409.8546,4
202009,DS-13180,Corporate,134.376,6.7188,1
202009,EB-13870,Consumer,1044.63,240.2649,1
202009,EH-13765,Corporate,702.74,224.8294,3
202009,EH-13990,Consumer,63.14,28.388599999999997,3
202009,FA-14230,Corporate,106.68,33.0708,1
202009,FC-14245,Home Office,60.84,19.4688,1
202009,FO-14305,Consumer,673.576,-1.4697000000000005,2
202009,GB-14530,Corporate,77.62,24.8116,4
202009,GB-14575,Consumer,3631.96,756.0033,9
202009,GM-14500,Consumer,743.426,340.9117,3
202009,GW-14605,Consumer,279.86,134.3328,1
202009,HA-14920,Consumer,671.93,20.1579,1
202009,HG-14845,Consumer,2.412,-2.01,1
202009,HG-14965,Corporate,86.82,29.5218,2
202009,HW-14935,Corporate,42.32,17.1976,2
202009,JB-15400,Corporate,358.44,116.96109999999999,3
202009,JC-16105,Corporate,200.984,62.8075,1
202009,JF-15190,Consumer,39.98,17.991,1
202009,JH-15820,Consumer,7.5,3.6,1
202009,JH-15910,Consumer,199.86,44.4615,2
202009,JJ-15445,Consumer,601.5,165.6294,2
202009,JK-15205,Consumer,2026.7800000000002,631.269,2
202009,JR-16210,Corporate,717.12,152.388,1
202009,KB-16585,Corporate,9.762,-6.8334,1
202009,KD-16615,Corporate,1336.352,272.583,6
202009,KH-16630,Corporate,2503.82,497.44079999999997,5
202009,KM-16720,Consumer,54.239999999999995,5.6708,3
202009,LO-17170,Corporate,46.32,18.0648,1
202009,LR-17035,Corporate,806.4090000000001,-142.9152,3
202009,LS-16975,Home Office,344.22,-103.266,1
202009,MB-17305,Consumer,97.684,12.598199999999999,5
202009,MC-17275,Consumer,558.874,141.3653,3
202009,MC-17575,Consumer,353.88,17.694,1
202009,ME-17725,Consumer,50.912,15.8485,2
202009,MG-17875,Home Office,80.38,26.5874,2
202009,MG-18145,Consumer,755.096,-137.481,3
202009,MH-17290,Home Office,8.4,2.184,1
202009,ML-17395,Corporate,22.549,-4.9428,4
202009,MM-18280,Corporate,61.44,16.5888,1
202009,MO-17800,Home Office,32.4,15.552,1
202009,NG-18355,Corporate,111.904,8.0564,4
202009,NH-18610,Corporate,66.36,23.226,1
202009,NM-18520,Consumer,107.648,-22.6536,4
202009,NW-18400,Consumer,1918.79,506.9794,3
202009,ON-18715,Corporate,6.848,0.5992,1
202009,PF-19120,Consumer,5674.307999999999,568.3309,9
202009,PF-19165,Consumer,50.0,12.0,1
202009,PG-18895,Consumer,492.584,66.04599999999999,2
202009,PO-19195,Home Office,183.4,79.403,3
202009,RH-19510,Home Office,175.29,83.97359999999999,3
202009,RP-19855,Corporate,351.916,87.8361,4
202009,RW-19540,Corporate,1067.0349999999999,-115.2842,8
202009,SB-20185,Consumer,68.62,32.2514,1
202009,SB-20290,Corporate,265.86,79.758,1
202009,SC-20440,Corporate,1180.686,334.3521,3
202009,SC-20680,Home Office,821.94,213.7044,1
202009,SC-20725,Consumer,1306.47,425.8761,4
202009,SF-20200,Consumer,166.998,-110.0988,2
202009,SF-20965,Corporate,28.524,-20.631,2
202009,SH-19975,Corporate,479.71600000000007,51.871199999999995,3
202009,SJ-20125,Home Office,763.5079999999999,-65.819,5
202009,SN-20560,Home Office,399.49,163.888,5
202009,SP-20620,Corporate,170.136,-8.5068,1
202009,SP-20860,Corporate,43.0,20.271600000000003,2
202009,SS-20140,Corporate,99.2,25.792,1
202009,SV-20815,Corporate,1102.472,148.9446,3
202009,SW-20455,Consumer,85.98,22.3548,1
202009,TB-21520,Consumer,3742.098,-1541.2482000000002,10
202009,TC-20980,Corporate,85.848,37.7204,2
202009,TC-21535,Home Office,61.96,4.3372,1
202009,TG-21640,Consumer,187.94,90.7036,3
202009,TH-21550,Home Office,1132.8400000000001,288.6394,2
202009,TM-21010,Consumer,193.26,44.7494,6
202009,TN-21040,Home Office,559.93,167.979,1
202009,TP-21130,Consumer,2.808,-4.4928,1
202009,TW-21025,Home Office,67.96,12.2328,1
202009,VW-21775,Corporate,21.36,8.1168,1
202009,ZC-21910,Consumer,1734.288,414.4937,5
202010,AA-10315,Consumer,26.96,7.0096,1
202010,AF-10885,Consumer,371.65999999999997,101.18539999999999,2
202010,AG-10495,Corporate,551.177,-64.6421,6
202010,BF-11020,Corporate,1035.8,269.308,1
202010,BM-11650,Corporate,736.473,152.51579999999998,4
202010,BM-11785,Consumer,139.544,-40.1648,4
202010,BS-11755,Consumer,120.666,18.4548,1
202010,BT-11680,Consumer,3.44,0.559,1
202010,CC-12685,Consumer,546.792,172.15429999999998,3
202010,CG-12520,Consumer,136.72,-93.3772,2
202010,CH-12070,Home Office,299.9,74.975,1
202010,CK-12205,Consumer,64.072,-1.6072000000000002,2
202010,CM-12190,Consumer,77.88,3.894,1
202010,CS-11860,Consumer,1.72,-2.838,1
202010,CS-12400,Home Office,270.34,75.6952,1
202010,DG-13300,Corporate,582.336,-29.1168,1
202010,DJ-13420,Corporate,438.3,64.9962,2
202010,DK-12835,Corporate,481.69800000000004,216.2889,4
202010,DK-13090,Consumer,30.84,8.3268,1
202010,DL-12925,Consumer,412.24,112.2084,3
202010,DP-13165,Consumer,8.016,1.002,1
202010,EB-13705,Corporate,57.504,20.1264,1
202010,EM-13960,Consumer,684.56,48.3512,3
202010,FA-14230,Corporate,603.4340000000001,153.46600000000004,4
202010,FM-14380,Consumer,659.8800000000001,89.07929999999999,2
202010,GA-14725,Consumer,17.14,6.1704,1
202010,GH-14485,Corporate,72.78,-70.9605,1
202010,GM-14500,Consumer,9.952,0.9952,1
202010,HK-14890,Corporate,450.09000000000003,117.02340000000001,2
202010,HM-14980,Consumer,569.336,73.94720000000001,3
202010,HP-14815,Home Office,70.12,21.036,1
202010,IL-15100,Consumer,288.0,57.6,1
202010,JC-15775,Consumer,277.634,27.6248,3
202010,JD-15790,Consumer,1801.632,-337.806,1
202010,JE-15715,Consumer,186.67199999999997,27.739199999999997,2
202010,JE-15745,Consumer,2717.31,-307.6095,2
202010,JF-15355,Consumer,1446.7839999999999,161.109,6
202010,JF-15415,Consumer,79.36,23.808,1
202010,JF-15490,Consumer,357.462,-118.41900000000001,2
202010,JJ-15760,Home Office,75.04,22.453200000000002,2
202010,JK-16120,Home Office,85.68,13.751999999999999,2
202010,JP-15460,Corporate,235.97,100.932,3
202010,KA-16525,Consumer,99.85999999999999,3.401,2
202010,KH-16690,Corporate,1215.269,-56.351399999999984,5
202010,KN-16390,Corporate,393.18600000000004,-39.416399999999996,2
202010,KN-16705,Home Office,100.86,-183.1062,2
202010,KT-16480,Consumer,82.74,36.7048,2
202010,LS-16975,Home Office,8.424,-5.256,2
202010,LT-17110,Consumer,5.176,-7.764,1
202010,MB-17305,Consumer,198.94,58.096000000000004,2
202010,MP-17470,Home Office,1668.9879999999998,210.9114,5
202010,MP-17965,Corporate,851.87,227.6732,2
202010,MS-17770,Consumer,24.56,11.5432,1
202010,MT-18070,Home Office,3.592,-6.286,1
202010,MY-17380,Corporate,5.76,2.6496,1
202010,MZ-17515,Corporate,29.287999999999997,8.212399999999999,2
202010,NB-18655,Corporate,244.24,119.3436,2
202010,NH-18610,Corporate,188.23,62.5938,2
202010,NP-18685,Home Office,7.38,-5.412,1
202010,NS-18640,Corporate,255.99,92.4768,2
202010,PA-19060,Home Office,339.96,67.992,1
202010,RA-19285,Consumer,78.456,-9.9809,3
202010,RD-19585,Consumer,104.51,36.8692,4
202010,RD-19660,Home Office,454.272,-73.8192,1
202010,RK-19300,Consumer,209.67,-13.978,1
202010,RM-19675,Home Office,2245.13,660.517,4
202010,RP-19390,Consumer,10.944,0.9576,1
202010,SC-20440,Corporate,139.424,17.428,1
202010,SC-20575,Consumer,50.461999999999996,-2.4326000000000008,3
202010,SF-20965,Corporate,77.55,21.714,1
202010,SG-20080,Consumer,2136.3379999999997,329.8064,8
202010,SG-20470,Consumer,26.82,12.947400000000002,2
202010,SH-20395,Consumer,31.95,2.2365,1
202010,SO-20335,Consumer,979.9455,-380.51460000000003,2
202010,SV-20785,Consumer,439.536,51.281400000000005,2
202010,TB-21250,Consumer,655.88,314.1048,2
202010,TB-21520,Consumer,34.44,17.22,1
202010,TB-21625,Consumer,313.626,-15.325499999999998,2
202010,TT-21220,Consumer,182.91,53.0439,1
202104,AF-10870,Consumer,90.05799999999999,42.5419,2
202104,AP-10915,Consumer,12.84,3.7236,1
202104,AS-10240,Consumer,70.27199999999999,6.189,2
202104,BB-10990,Corporate,61.70399999999999,12.876900000000001,2
202104,BC-11125,Home Office,203.63,53.2902,3
202104,BD-11320,Consumer,1121.568,0.0,1
202104,BD-11605,Consumer,448.81,124.5025,3
202104,BF-11170,Home Office,55.416,10.4247,2
202104,BM-11785,Consumer,28.8,0.864,1
202104,BO-11350,Corporate,41.568,2.598,1
202104,BP-11290,Consumer,651.496,-27.291600000000003,2
202104,BS-11365,Corporate,9135.19,2381.1596,3
202104,BT-11680,Consumer,959.282,176.507,6
202104,CA-12055,Home Office,258.696,64.674,1
202104,CK-12325,Home Office,215.84,59.0848,3
202104,CK-12595,Consumer,24.7,10.374,1
202104,CL-12700,Home Office,1344.4199999999998,152.41559999999998,3
202104,CR-12580,Home Office,240.04,-45.6933,2
202104,CS-11950,Consumer,412.61199999999997,-142.8417,3
202104,CS-12175,Corporate,79.12,13.846,1
202104,CS-12490,Corporate,13.83,3.8739,2
202104,DB-12910,Home Office,7.04,3.0976,1
202104,DB-13360,Home Office,434.646,62.7822,1
202104,DJ-13420,Corporate,1454.9,378.274,1
202104,DN-13690,Consumer,8.32,2.808,1
202104,DW-13540,Consumer,88.04,22.8904,1
202104,Dl-13600,Corporate,658.746,146.388,1
202104,EB-13750,Corporate,35.352,12.8151,1
202104,EH-13990,Consumer,327.996,54.666,1
202104,EH-14005,Home Office,29.472,9.9468,1
202104,EH-14125,Home Office,129.976,-97.7039,2
202104,EH-14185,Consumer,588.784,183.995,1
202104,EL-13735,Home Office,86.62,8.662,1
202104,ES-14080,Corporate,37.94,18.2112,1
202104,FM-14215,Corporate,36.16,14.340799999999998,2
202104,FP-14320,Consumer,1384.924,312.4121,3
202104,GK-14620,Corporate,351.51,116.7405,2
202104,GM-14455,Home Office,782.944,102.514,3
202104,HF-14995,Consumer,556.665,6.549,1
202104,HK-14890,Corporate,36.24,11.325,1
202104,JF-15295,Consumer,250.416,-13.375800000000002,3
202104,JH-16180,Consumer,887.966,-191.16740000000001,2
202104,JK-16120,Home Office,143.7,68.976,1
202104,JL-15130,Consumer,3.984,1.3944,1
202104,JL-15505,Consumer,448.404,21.751199999999997,4
202104,JL-15850,Consumer,108.42,-37.9432,3
202104,JM-15535,Consumer,257.499,24.2352,1
202104,JM-15580,Consumer,25.06,11.7782,1
202104,JO-15280,Consumer,156.516,51.2064,6
202104,JR-16210,Corporate,8.904,-6.5296,1
202104,KM-16720,Consumer,633.04,54.9122,7
202104,KT-16465,Consumer,976.512,109.3204,2
202104,LC-17140,Consumer,97.96,18.4384,3
202104,ME-17320,Home Office,177.78,19.0695,2
202104,MJ-17740,Consumer,242.56,73.5726,3
202104,MM-17920,Consumer,35.010000000000005,9.1602,2
202104,MY-18295,Corporate,54.518,9.0347,3
202104,NB-18655,Corporate,385.288,47.2729,2
202104,PB-19150,Consumer,383.8,38.38,1
202104,PG-18820,Consumer,17.92,8.6016,1
202104,PG-18895,Consumer,31.56,10.4148,1
202104,PK-19075,Consumer,158.256,48.355999999999995,2
202104,QJ-19255,Corporate,13.568,3.2224,1
202104,RB-19360,Consumer,560.78,116.34880000000001,6
202104,RB-19570,Consumer,30.344,-31.8612,1
202104,RB-19795,Home Office,895.06,-14.743599999999986,4
202104,RF-19840,Consumer,233.48,63.0396,2
202104,RM-19375,Consumer,354.9,88.725,1
202104,SF-20200,Consumer,3.64,0.9828,1
202104,SP-20545,Corporate,195.976,-206.9232,3
202104,SP-20920,Consumer,6.12,2.8764,1
202104,SR-20740,Home Office,10.272,3.21,1
202104,SW-20350,Home Office,552.2299999999999,146.0883,3
202104,TB-21175,Corporate,237.81,-6.517800000000001,6
202104,TB-21400,Consumer,81.2,12.18,1
202104,TH-21115,Corporate,2027.188,-82.8626,3
202104,TN-21040,Home Office,1588.323,-857.1918000000001,5
202104,TT-21460,Home Office,23.952,2.3952,1
202104,VM-21685,Home Office,1294.75,336.635,1
202104,YC-21895,Corporate,1199.976,374.9925,1
202104,ZC-21910,Consumer,1616.704,-1790.2708,3
202104,ZD-21925,Consumer,331.08,146.828,2
202105,AF-10870,Consumer,1591.47,348.2534,8
202105,AG-10900,Consumer,253.03000000000003,43.0947,3
202105,AH-10465,Consumer,71.088,-1.7772,1
202105,AH-10690,Corporate,4405.14,1093.6608,4
202105,AP-10720,Home Office,4.98,2.4402,1
202105,AS-10090,Consumer,36.647999999999996,-5.1912,3
202105,AS-10285,Corporate,84.62,27.755399999999998,2
202105,AT-10735,Consumer,303.92,19.194000000000003,2
202105,BD-11770,Consumer,86.352,5.397,1
202105,BE-11455,Home Office,165.976,44.0845,4
202105,BF-11005,Home Office,252.148,22.5563,2
202105,BF-11170,Home Office,22.608,-10.1736,1
202105,BG-11695,Corporate,839.988,69.999,1
202105,BN-11515,Consumer,821.2239999999999,112.773,5
202105,BS-11665,Consumer,1328.128,62.269200000000005,3
202105,BT-11395,Corporate,9.584,3.3544,1
202105,CB-12415,Consumer,55.972,-72.1581,3
202105,CC-12370,Consumer,8539.02,1094.9532,4
202105,CC-12475,Consumer,90.51599999999999,28.534799999999997,2
202105,CJ-12010,Consumer,4835.976,1322.131,6
202105,CL-12565,Consumer,2268.024,324.1167,10
202105,CM-12235,Consumer,167.46,78.8592,4
202105,CP-12085,Corporate,232.62400000000002,25.8328,2
202105,CP-12340,Corporate,111.96,54.8604,1
202105,CS-12400,Home Office,743.988,-123.998,1
202105,CV-12805,Corporate,1013.7919999999999,-46.038,5
202105,DB-13210,Consumer,2.694,-2.245,1
202105,DL-12865,Consumer,187.056,11.691,1
202105,DM-13015,Consumer,305.49600000000004,9.8214,2
202105,DO-13435,Consumer,17.34,8.4966,1
202105,DP-13000,Consumer,7.764,-5.176,1
202105,DP-13390,Home Office,16.656,3.3312,1
202105,EB-13750,Corporate,138.53,39.6192,2
202105,EB-13930,Consumer,122.22,34.8606,2
202105,EH-13765,Corporate,385.71999999999997,143.071,5
202105,EH-14125,Home Office,301.735,79.61500000000001,3
202105,EM-14140,Home Office,1282.6100000000001,509.1174,8
202105,FM-14215,Corporate,82.368,-19.5624,1
202105,GB-14530,Corporate,211.96,42.392,1
202105,GM-14500,Consumer,48.672000000000004,16.5308,2
202105,HF-14995,Consumer,377.346,-142.787,3
202105,HM-14860,Corporate,641.98,307.7496,2
202105,JB-16045,Home Office,1311.97,167.6508,3
202105,JE-15610,Corporate,222.384,22.2384,1
202105,JF-15490,Consumer,14.73,7.2177,1
202105,JG-15310,Corporate,167.84,11.7488,1
202105,JK-15730,Consumer,1363.96,85.2475,1
202105,JL-15835,Consumer,7.712,2.7956,1
202105,JM-15580,Consumer,54.9,26.901,1
202105,JM-16195,Consumer,123.92,9.294,1
202105,JR-15670,Consumer,552.56,0.0,1
202105,JW-16075,Consumer,88.704,13.424,2
202105,KC-16675,Corporate,452.464,-4.957000000000001,2
202105,KD-16615,Corporate,111.888,22.3776,1
202105,KL-16645,Consumer,1979.928,148.4946,1
202105,LA-16780,Corporate,3963.57,921.1416,3
202105,LC-16930,Corporate,2396.4,179.73,1
202105,LD-17005,Consumer,37.05,16.302,1
202105,LE-16810,Consumer,641.96,179.7488,1
202105,LH-17155,Consumer,200.82,44.521,3
202105,LS-17245,Consumer,13.38,6.1548,1
202105,LW-16990,Corporate,1691.6080000000002,322.322,2
202105,LW-17215,Consumer,63.922,-2.9346000000000014,4
202105,MB-18085,Consumer,19.136,1.9136,1
202105,MK-17905,Corporate,191.018,-37.6126,7
202105,MN-17935,Consumer,15.232,5.5216,1
202105,MS-17710,Consumer,477.142,-87.1517,4
202105,MY-17380,Corporate,874.308,33.042699999999996,5
202105,ND-18370,Consumer,79.14,36.4044,1
202105,NL-18310,Home Office,38.88,18.6624,1
202105,NR-18550,Consumer,366.744,-110.0232,1
202105,PJ-18835,Corporate,14.352,5.2026,1
202105,PS-18970,Home Office,8.0,3.44,1
202105,RB-19360,Consumer,60.485,6.234900000000001,3
202105,RB-19465,Home Office,1335.352,329.2425,4
202105,RD-19720,Consumer,11.96,5.8604,1
202105,RL-19615,Consumer,1002.7,285.761,2
202105,RP-19855,Corporate,51.37,-17.5732,3
202105,RS-19420,Corporate,32.04,14.418,1
202105,RW-19690,Consumer,3.282,-2.6256,1
202105,SC-20095,Consumer,310.55999999999995,33.1044,2
202105,SH-19975,Corporate,3.798,-5.8869,1
202105,SM-20905,Consumer,1043.041,-237.2885,6
202105,SN-20710,Home Office,612.14,268.48199999999997,3
202105,SS-20590,Consumer,93.98,13.1572,1
202105,SV-20785,Consumer,1119.1480000000001,76.94850000000001,5
202105,TB-21280,Consumer,83.14999999999999,36.983,4
202105,TB-21625,Consumer,17.94,8.073,1
202105,TH-21100,Consumer,27.86,9.1938,1
202105,TH-21235,Corporate,221.88,55.4043,3
202105,TN-21040,Home Office,286.4,25.06,1
202105,TT-21070,Consumer,5.98,2.691,1
202105,TT-21220,Consumer,13.776,4.4772,1
202105,VD-21670,Consumer,185.88,50.1876,1
202105,VG-21805,Corporate,10.96,2.9592,1
202105,VM-21835,Consumer,128.67,49.140899999999995,2
202105,ZD-21925,Consumer,16.72,3.344,1
202201,AD-10180,Home Office,4189.38,1455.5515,4
202201,AR-10540,Consumer,5802.7,2602.0939,3
202201,AS-10045,Corporate,740.214,-61.5156,3
202201,BD-11500,Consumer,3002.6499999999996,788.8426,2
202201,BD-11770,Consumer,4.768,0.4768,1
202201,BE-11410,Consumer,268.576,90.6444,1
202201,BP-11290,Consumer,274.491,-228.7425,1
202201,BT-11305,Home Office,277.71,39.2283,2
202201,BV-11245,Corporate,340.21999999999997,105.9391,6
202201,BW-11110,Corporate,3059.982,679.996,1
202201,CA-11965,Corporate,22.630000000000003,7.6137,2
202201,CG-12520,Consumer,18.16,1.816,1
202201,CJ-12010,Consumer,11.84,5.6832,1
202201,CK-12595,Consumer,12.128,-20.6176,1
202201,CL-12700,Home Office,449.91,157.4685,1
202201,CM-12385,Consumer,2031.3919999999998,685.6176,2
202201,CP-12085,Corporate,4619.33,206.6524,4
202201,CS-12250,Corporate,138.43200000000002,31.0752,4
202201,CV-12805,Corporate,207.846,2.3094,1
202201,DA-13450,Home Office,77.75999999999999,35.064,2
202201,DB-13120,Corporate,760.98,-1141.47,1
202201,DL-12865,Consumer,6.0,2.1,1
202201,DL-13315,Consumer,38.88,18.6624,1
202201,DP-13390,Home Office,37.34,17.2484,2
202201,DS-13030,Home Office,654.242,164.42659999999998,6
202201,EB-13870,Consumer,419.136,-68.1096,1
202201,EH-13765,Corporate,22.991999999999997,5.7996,2
202201,EH-14125,Home Office,142.344,-5.473800000000001,3
202201,FW-14395,Corporate,16.59,5.8065,1
202201,GA-14725,Consumer,48.896,8.5568,1
202201,GB-14575,Consumer,279.9,137.151,1
202201,HP-14815,Home Office,100.922,8.3768,2
202201,JF-15190,Consumer,332.8,80.6888,4
202201,JF-15490,Consumer,3.52,1.0208,1
202201,JH-15820,Consumer,193.974,-34.2405,3
202201,JM-15250,Consumer,954.902,-390.95629999999994,7
202201,JO-15145,Corporate,427.59200000000004,-6.8909,2
202201,KD-16495,Corporate,412.996,104.9548,3
202201,LP-17095,Consumer,2113.567,209.14659999999998,4
202201,LS-16945,Corporate,9.78,4.89,1
202201,MC-17605,Corporate,210.98,21.098,1
202201,MH-18115,Home Office,1239.833,362.3067,5
202201,ML-17410,Consumer,11.52,4.176,1
202201,MM-17920,Consumer,129.3,6.465,1
202201,NS-18505,Consumer,1370.535,-143.0117,4
202201,PS-19045,Home Office,383.992,1.841000000000001,2
202201,RD-19585,Consumer,5.22,2.4012,1
202201,RM-19375,Consumer,637.1800000000001,196.316,4
202201,RS-19420,Corporate,892.98,80.3682,1
202201,RW-19690,Consumer,1958.544,316.5442,2
202201,SC-20095,Consumer,12.7,5.842,1
202201,SC-20725,Consumer,474.43,199.2606,1
202201,SZ-20035,Home Office,604.768,60.4768,1
202201,TB-21250,Consumer,147.636,-31.3862,4
202201,TG-21310,Consumer,137.94,35.8644,1
202201,TH-21100,Consumer,160.776,10.0485,1
202201,TM-21010,Consumer,520.376,198.35299999999998,6
202201,TP-21130,Consumer,5.67,0.1134,1
202201,TS-21085,Consumer,2.808,-1.9656,1
202201,TS-21655,Consumer,1322.75,-151.33820000000003,4
202201,TT-21460,Home Office,21.4,6.206,1
202201,VG-21790,Consumer,136.526,44.766999999999996,3
202202,AC-10615,Corporate,80.36,25.522,2
202202,BD-11770,Consumer,240.784,30.098,1
202202,BM-11140,Consumer,356.79,99.9012,1
202202,BO-11350,Corporate,481.524,61.694199999999995,3
202202,BP-11095,Corporate,9.432,3.0654,1
202202,BT-11530,Home Office,2110.72,299.1056,5
202202,CB-12025,Consumer,251.112,-426.274,2
202202,CB-12415,Consumer,4.956,-3.7996,1
202202,CK-12325,Home Office,1448.853,-127.2337,5
202202,CK-12595,Consumer,37.44,16.848,1
202202,CR-12820,Home Office,702.8424,-52.062599999999996,3
202202,CS-11845,Corporate,1051.912,116.1207,2
202202,CV-12805,Corporate,287.326,62.4082,3
202202,DB-13060,Consumer,380.136,48.3464,3
202202,DJ-13510,Corporate,20.7,9.936,1
202202,DK-13090,Consumer,47.904,-2.994,1
202202,DW-13585,Corporate,159.73000000000002,24.3432,3
202202,ED-13885,Home Office,57.510000000000005,15.5277,2
202202,ES-14080,Corporate,1443.72,253.1925,2
202202,FC-14335,Corporate,2011.9,501.156,2
202202,FH-14350,Consumer,806.59,345.7729,2
202202,GH-14410,Home Office,178.20999999999998,45.7104,2
202202,HW-14935,Corporate,238.19799999999998,26.2331,2
202202,JF-15355,Consumer,32.67,8.4942,1
202202,JK-16120,Home Office,605.752,-258.4183,2
202202,JL-15835,Consumer,272.1,84.6396,3
202202,JP-15460,Corporate,17.94,8.7906,1
202202,JP-16135,Home Office,19.669999999999998,5.311,2
202202,JS-16030,Consumer,705.002,-10.7121,5
202202,KM-16375,Home Office,882.99,-142.1216,6
202202,LF-17185,Consumer,37.94,18.2112,1
202202,LL-16840,Consumer,29.16,8.4564,1
202202,MC-17575,Consumer,290.781,31.510800000000003,2
202202,ME-17725,Consumer,11.22,0.2244,1
202202,MH-17455,Consumer,90.64,38.9752,1
202202,MH-18025,Consumer,1.788,-3.0396,1
202202,ML-17395,Corporate,21.12,6.5472,1
202202,MM-17260,Consumer,147.568,-3.6892,1
202202,MN-17935,Consumer,23.12,11.3288,1
202202,MP-18175,Home Office,203.983,16.7986,1
202202,MV-17485,Consumer,359.97,79.1934,1
202202,NG-18355,Corporate,594.5,88.4765,2
202202,NH-18610,Corporate,1245.86,361.2994,1
202202,RD-19810,Home Office,512.3679999999999,146.2936,4
202202,SB-20170,Consumer,354.9,17.745,1
202202,SC-20380,Consumer,119.17800000000001,37.7656,2
202202,SN-20560,Home Office,29.9,13.455,1
202202,SP-20545,Corporate,273.7,81.56939999999999,2
202202,SV-20785,Consumer,35.730000000000004,9.2898,2
202202,SW-20245,Consumer,428.70399999999995,-16.340200000000003,2
202202,TP-21415,Consumer,397.74399999999997,-436.2648,4
202202,VW-21775,Corporate,21.336,7.7343,1
202203,AB-10165,Consumer,94.2,39.564,1
202203,AC-10615,Corporate,12.768,0.9576,1
202203,AC-10660,Consumer,143.728,-32.3388,1
202203,AG-10270,Consumer,15.008,1.5008,1
202203,AH-10210,Consumer,174.56,65.0736,2
202203,AS-10630,Home Office,4.608,1.6704,1
202203,BD-11560,Home Office,168.58,80.2436,3
202203,BE-11335,Home Office,211.84,76.2624,1
202203,BF-11170,Home Office,14.976,5.4288,1
202203,BF-11215,Home Office,780.086,322.9391,5
202203,BM-11650,Corporate,247.92,118.22160000000001,2
202203,BN-11470,Corporate,49.616,4.9616,1
202203,BP-11050,Corporate,33.3,13.065,2
202203,BP-11155,Consumer,5.715,-4.7625,1
202203,BS-11380,Corporate,242.94,9.7176,1
202203,BT-11395,Corporate,399.672,-14.9877,1
202203,CB-12535,Corporate,839.25,336.78499999999997,4
202203,CD-11980,Consumer,296.022,-364.3734,4
202203,CG-12040,Home Office,28.91,13.2986,1
202203,CJ-12010,Consumer,1875.1280000000002,-98.07039999999999,4
202203,CK-12760,Corporate,68.742,-48.1194,1
202203,CL-12565,Consumer,1823.336,529.5966,2
202203,CM-11815,Corporate,111.96,21.2724,1
202203,CV-12295,Consumer,1069.132,188.8396,5
202203,DB-13405,Consumer,496.634,140.9972,9
202203,DB-13555,Corporate,627.48,177.7068,4
202203,DB-13660,Consumer,24.468,10.3642,3
202203,DH-13075,Corporate,1435.96,106.9836,7
202203,DP-13000,Consumer,89.568,32.4684,1
202203,DW-13540,Consumer,68.416,6.4864,2
202203,EB-13870,Consumer,53.982,-10.7964,1
202203,EC-14050,Consumer,25.68,11.556,1
202203,EJ-13720,Consumer,1219.7920000000001,423.7296,2
202203,EM-14200,Home Office,57.01,22.083499999999997,2
202203,EN-13780,Consumer,23.832,6.5538,1
202203,EP-13915,Consumer,280.96,90.0462,2
202203,FC-14245,Home Office,528.7139999999999,177.5779,4
202203,FH-14275,Corporate,7.992,2.5974,1
202203,FM-14215,Corporate,23.1,6.93,1
202203,GA-14725,Consumer,40.41,18.5886,1
202203,GM-14440,Consumer,377.52799999999996,4.612399999999997,2
202203,GZ-14545,Corporate,381.36,106.7808,1
202203,HG-14845,Consumer,330.76800000000003,121.91159999999999,2
202203,HK-14890,Corporate,2737.672,370.8056,5
202203,HR-14830,Corporate,724.846,160.7012,3
202203,HW-14935,Corporate,265.93,63.8232,1
202203,JA-15970,Consumer,18.528,-12.352,1
202203,JB-16000,Consumer,174.3,81.921,1
202203,JC-15775,Consumer,470.376,47.0376,1
202203,JD-16060,Consumer,375.71000000000004,131.8881,4
202203,JD-16150,Corporate,1986.52,482.5819,3
202203,JK-15325,Corporate,90.86,26.3494,1
202203,JL-15835,Consumer,11.05,2.9835,1
202203,KB-16315,Consumer,510.82399999999996,69.6355,2
202203,KB-16585,Corporate,69.93,32.1678,1
202203,KD-16615,Corporate,648.582,198.9213,5
202203,KF-16285,Home Office,314.55,150.984,1
202203,KS-16300,Corporate,61.876,-6.378400000000001,2
202203,LC-16870,Consumer,874.8000000000001,144.8492,6
202203,LP-17095,Consumer,72.8,19.656,1
202203,LW-16990,Corporate,199.98,69.993,1
202203,MD-17350,Consumer,933.408,-173.3472,1
202203,ME-17320,Home Office,59.76,16.7328,1
202203,MG-17650,Home Office,445.44,-81.664,1
202203,MG-17890,Home Office,49.08,4.908,1
202203,MH-17290,Home Office,987.1880000000001,-233.05399999999997,4
202203,MH-18115,Home Office,91.726,4.230000000000001,4
202203,MJ-17740,Consumer,895.92,421.0824,1
202203,ML-18040,Corporate,60.84,23.1192,1
202203,MT-17815,Consumer,299.9,74.975,1
202203,MV-17485,Consumer,271.764,60.392,1
202203,MY-17380,Corporate,676.716,67.5516,2
202203,MZ-17335,Home Office,19.83,5.949,1
202203,MZ-17515,Corporate,347.58,17.379,1
202203,ND-18370,Consumer,976.828,-27.878,4
202203,PK-19075,Consumer,25.06,11.7782,1
202203,PO-19180,Home Office,24.048000000000002,-18.831599999999998,2
202203,PS-18970,Home Office,425.056,24.317,4
202203,PV-18985,Home Office,90.6,36.67,2
202203,PW-19030,Corporate,64.384,8.048,1
202203,RB-19360,Consumer,14052.48,6734.472000000001,3
202203,RD-19720,Consumer,381.36,87.126,3
202203,RE-19450,Consumer,26.88,9.744,1
202203,RM-19750,Consumer,98.35,28.6879,2
202203,RS-19765,Corporate,0.556,-0.9452,1
202203,RW-19690,Consumer,283.17999999999995,135.9842,2
202203,SA-20830,Consumer,770.2099999999999,35.7941,4
202203,SC-20380,Consumer,523.1600000000001,148.8568,3
202203,SC-20725,Consumer,745.2800000000001,217.327,3
202203,SC-20770,Corporate,19.198,-21.5615,2
202203,SE-20110,Consumer,1332.496,-299.8116,1
202203,SH-19975,Corporate,67.78,16.945,1
202203,SH-20395,Consumer,117.51,51.2034,2
202203,SJ-20125,Home Office,34.76,11.297,1
202203,SP-20860,Corporate,24.57,9.7178,2
202203,SP-20920,Consumer,315.041,44.2162,5
202203,SU-20665,Home Office,1358.866,344.8139,7
202203,SW-20275,Consumer,46.2,21.252,1
202203,TB-21055,Consumer,8.856,2.8782,1
202203,TB-21400,Consumer,170.872,20.6063,2
202203,TB-21595,Consumer,2.91,1.3677,1
202203,TM-21490,Consumer,325.86,149.8956,1
202203,TT-21220,Consumer,537.544,47.0351,1
202203,TT-21460,Home Office,114.684,-76.1086,3
202203,VB-21745,Corporate,668.5400000000001,178.3744,2
202203,VG-21805,Corporate,8.94,2.4138,1
202203,VM-21685,Home Office,712.966,54.468999999999994,3
202205,AB-10060,Home Office,79.99,28.7964,1
202205,AB-10105,Consumer,344.704,38.7792,1
202205,AC-10420,Corporate,162.16,-69.062,2
202205,AD-10180,Home Office,163.96,80.3404,1
202205,AG-10900,Consumer,318.96,-14.219999999999999,2
202205,AH-10075,Corporate,342.23999999999995,-25.255200000000002,2
202205,AH-10465,Consumer,562.5500000000001,140.8633,2
202205,AI-10855,Consumer,6.68,3.2064,1
202205,AJ-10780,Corporate,481.59,96.4755,6
202205,AM-10360,Corporate,129.832,-59.909000000000006,2
202205,AR-10405,Corporate,41.28,19.8144,1
202205,AS-10630,Home Office,32.088,10.4073,3
202205,AT-10735,Consumer,97.16,28.1764,1
202205,BC-11125,Home Office,726.828,55.8998,4
202205,BD-11725,Consumer,253.86,38.7854,3
202205,BH-11710,Consumer,36.048,-0.9012,1
202205,BM-11575,Corporate,24.5,-11.1669,2
202205,BM-11650,Corporate,2229.1800000000003,754.7022,5
202205,BM-11785,Consumer,23.08,6.924,1
202205,BO-11350,Corporate,504.50600000000003,-164.4722,5
202205,BW-11110,Corporate,39.252,-9.7101,2
202205,CA-12775,Consumer,153.41000000000003,57.7628,4
202205,CC-12220,Consumer,243.16,72.948,1
202205,CC-12430,Home Office,868.452,-55.2156,3
202205,CD-11920,Consumer,12.96,6.2208,1
202205,CJ-12010,Consumer,3740.51,-457.7308,3
202205,CK-12205,Consumer,87.6,42.048,1
202205,CM-11815,Corporate,483.48,79.4328,3
202205,CS-11950,Consumer,419.944,52.493,1
202205,CS-12175,Corporate,551.038,2.6339999999999986,4
202205,CW-11905,Home Office,299.52,149.76,1
202205,DB-12970,Corporate,832.96,65.27199999999999,2
202205,DB-13555,Corporate,1407.2048,-195.9448,3
202205,DB-13615,Consumer,84.416,27.4352,1
202205,DD-13570,Consumer,109.62,38.3642,3
202205,DJ-13510,Corporate,223.57799999999997,12.629000000000001,3
202205,DK-12985,Consumer,23.16,11.58,1
202205,DL-13495,Corporate,62.96,28.332,1
202205,DN-13690,Consumer,477.3,138.417,1
202205,DP-13000,Consumer,87.994,-37.027,3
202205,DW-13480,Home Office,598.3100000000001,162.9957,2
202205,DW-13585,Corporate,129.93,12.993,1
202205,EA-14035,Corporate,9.78,4.0098,1
202205,EB-13705,Corporate,41.472,14.5152,1
202205,EH-13945,Consumer,94.38,34.4022,2
202205,EJ-14155,Consumer,48.69,23.8581,1
202205,EM-13825,Corporate,159.56,59.0372,1
202205,FH-14275,Corporate,20.768,2.3364,1
202205,GT-14710,Consumer,1078.4379999999999,36.7115,5
202205,GT-14755,Consumer,79.344,14.0706,2
202205,GZ-14470,Consumer,54.66,18.0378,1
202205,HZ-14950,Consumer,65.424,-52.3392,1
202205,JA-15970,Consumer,49.896,5.0588999999999995,3
202205,JC-15775,Consumer,195.64,91.9508,1
202205,JD-16015,Consumer,67.824,22.6126,2
202205,JF-15295,Consumer,412.752,60.1976,5
202205,JF-15490,Consumer,202.33599999999998,32.424,2
202205,JG-15160,Consumer,814.526,66.0072,3
202205,JG-15805,Corporate,538.02,78.0183,2
202205,JH-15910,Consumer,60.272000000000006,6.0702,2
202205,JK-16120,Home Office,94.508,-19.1493,4
202205,JL-15505,Consumer,50.136,-11.2806,1
202205,JM-15865,Consumer,221.024,-55.256,1
202205,JO-15550,Home Office,23.55,1.1775,1
202205,JP-16135,Home Office,10.272,1.1556,1
202205,KA-16525,Consumer,35.1,10.179,1
202205,KB-16585,Corporate,504.59000000000003,208.82129999999998,2
202205,KC-16675,Corporate,234.2,63.30479999999999,2
202205,KL-16645,Consumer,70.148,-59.6544,4
202205,KT-16480,Consumer,204.6664,-6.0196,1
202205,LB-16795,Home Office,805.99,226.0716,5
202205,LE-16810,Consumer,205.922,-54.7089,3
202205,LH-17020,Consumer,120.78299999999999,-152.8739,3
202205,LO-17170,Corporate,247.44,101.4504,1
202205,LP-17080,Consumer,101.062,43.9519,3
202205,LW-16990,Corporate,502.474,40.432199999999995,3
202205,MB-18085,Consumer,817.829,57.6973,3
202205,MC-17605,Corporate,272.23199999999997,47.8908,2
202205,MD-17350,Consumer,47.992,-2.0568,1
202205,MD-17860,Corporate,125.13,36.2877,1
202205,MG-17890,Home Office,205.744,14.2053,3
202205,MH-18115,Home Office,713.816,-122.8302,4
202205,MK-18160,Consumer,678.74,209.03480000000002,6
202205,ML-17410,Consumer,522.79,147.521,4
202205,ML-17755,Home Office,415.15200000000004,77.2803,2
202205,MM-18055,Consumer,81.08,22.7024,1
202205,MY-18295,Corporate,11.598,-9.0582,2
202205,NC-18340,Consumer,891.53,216.5907,5
202205,ND-18460,Corporate,26.16,12.8184,1
202205,NM-18520,Consumer,5.76,2.8224,1
202205,NZ-18565,Home Office,23.24,7.553,1
202205,PJ-18835,Corporate,38.016,13.7808,1
202205,PJ-19015,Consumer,1418.21,608.1851,2
202205,PO-18865,Consumer,301.96,33.2156,1
202205,PP-18955,Home Office,865.0,220.95100000000002,3
202205,PS-19045,Home Office,3359.952,1049.985,1
202205,QJ-19255,Corporate,691.476,-167.366,2
202205,RB-19795,Home Office,58.48,27.4856,1
202205,RD-19480,Consumer,1196.316,92.0209,3
202205,RL-19615,Consumer,49.56,18.8328,1
202205,RP-19855,Corporate,129.6,17.676000000000002,2
202205,RS-19765,Corporate,889.29,313.0254,3
202205,RW-19540,Corporate,2049.534,568.1281,4
202205,SA-20830,Consumer,133.12,49.92,1
202205,SC-20380,Consumer,2361.52,617.5645,4
202205,SG-20890,Corporate,17.798,-13.278500000000001,3
202205,SH-20395,Consumer,2.313,-1.9275,1
202205,SJ-20125,Home Office,48.9,18.093,1
202205,SM-20950,Corporate,37.52,18.0096,1
202205,SS-20140,Corporate,26.056,6.9585,2
202205,TB-21355,Corporate,524.85,166.2205,5
202205,TB-21625,Consumer,806.05,228.18429999999998,4
202205,TC-21295,Consumer,59.2,29.6,1
202205,TC-21475,Home Office,43.372,-69.3952,1
202205,TH-21235,Corporate,3.564,-6.237,1
202205,TS-21340,Consumer,17.608,7.289499999999999,2
202205,TS-21370,Corporate,209.979,-356.9643,1
202205,TS-21655,Consumer,152.94,41.2938,1
202205,VF-21715,Home Office,12.62,3.5764,2
202205,VS-21820,Consumer,171.288,-6.4233,1
202205,YS-21880,Corporate,34.5,15.525,1
202205,ZC-21910,Consumer,43.92,12.7368,1
202206,AA-10315,Consumer,374.48,0.0,2
202206,AB-10105,Consumer,470.376,0.0,1
202206,AB-10255,Home Office,258.69,0.0,5
202206,AG-10675,Consumer,49.12,0.0,1
202206,AM-10705,Consumer,871.4,0.0,1
202206,AR-10405,Corporate,200.94,0.0,2
202206,AS-10240,Consumer,59.176,0.0,2
202206,BB-10990,Corporate,17.48,0.0,1
202206,BC-11125,Home Office,668.744,0.0,5
202206,BD-11320,Consumer,115.916,0.0,3
202206,BW-11065,Consumer,324.744,0.0,1
202206,BW-11200,Consumer,28.576,0.0,2
202206,CB-12535,Corporate,14.016,0.0,1
202206,CC-12220,Consumer,904.116,0.0,2
202206,CC-12550,Consumer,47.976,0.0,1
202206,CC-12670,Consumer,956.8035,0.0,2
202206,CJ-12010,Consumer,95.92,0.0,1
202206,CL-11890,Consumer,40.032,0.0,1
202206,CS-11860,Consumer,25.344,0.0,1
202206,CS-12355,Consumer,503.872,0.0,2
202206,CT-11995,Consumer,321.192,0.0,2
202206,CV-12805,Corporate,53.9,0.0,1
202206,DB-13270,Home Office,464.373,0.0,2
202206,DB-13405,Consumer,526.45,0.0,1
202206,DC-12850,Consumer,50.087999999999994,0.0,2
202206,DK-13225,Corporate,1295.78,0.0,1
202206,DO-13435,Consumer,342.204,0.0,3
202206,DR-12880,Corporate,982.094,0.0,5
202206,DV-13465,Consumer,122.97,0.0,1
202206,Dl-13600,Corporate,1.624,0.0,1
202206,Dp-13240,Home Office,146.89,0.0,3
202206,EH-14005,Home Office,117.62,0.0,2
202206,EH-14125,Home Office,536.48,0.0,3
202206,EM-14065,Consumer,30.336,0.0,1
202206,FC-14335,Corporate,5.184,0.0,1
202206,FH-14350,Consumer,189.918,0.0,3
202206,FM-14380,Consumer,148.48,0.0,1
202206,FO-14305,Consumer,362.068,0.0,5
202206,GA-14515,Consumer,524.3340000000001,0.0,4
202206,GD-14590,Corporate,1099.5,0.0,1
202206,GH-14410,Home Office,31.349999999999998,0.0,2
202206,GT-14710,Consumer,20.07,0.0,1
202206,GZ-14545,Corporate,14.7,0.0,1
202206,HG-15025,Consumer,63.92,0.0,1
202206,HK-14890,Corporate,35.168,0.0,1
202206,HW-14935,Corporate,4472.32,0.0,5
202206,JD-15790,Consumer,10.688,0.0,1
202206,JE-15475,Consumer,201.262,0.0,2
202206,JE-15715,Consumer,776.0799999999999,0.0,2
202206,JE-15745,Consumer,740.5899999999999,0.0,4
202206,JK-15730,Consumer,3.036,0.0,1
202206,JS-15685,Corporate,140.86800000000002,0.0,2
202206,KD-16345,Consumer,51.312,0.0,1
202206,KH-16330,Corporate,921.228,0.0,3
202206,KH-16690,Corporate,119.96,0.0,1
202206,KN-16390,Corporate,508.78799999999995,0.0,3
202206,KN-16705,Home Office,3.76,0.0,1
202206,KT-16480,Consumer,2.88,0.0,1
202206,LC-16885,Consumer,17.088,0.0,1
202206,LC-16930,Corporate,8.4,0.0,1
202206,LS-17200,Corporate,23.887999999999998,0.0,3
202206,LW-16990,Corporate,103.96799999999999,0.0,2
202206,LW-17125,Consumer,10.36,0.0,1
202206,MA-17995,Home Office,191.646,0.0,1
202206,MB-17305,Consumer,21.744,0.0,1
202206,MC-17635,Corporate,193.266,0.0,2
202206,ME-17320,Home Office,544.14,0.0,2
202206,ME-17725,Consumer,738.7052,0.0,3
202206,MG-17680,Home Office,1515.186,0.0,2
202206,MK-17905,Corporate,5.936,0.0,1
202206,ML-17755,Home Office,87.688,0.0,3
202206,ML-18040,Corporate,6.37,0.0,1
202206,MM-18280,Corporate,14.13,0.0,1
202206,MO-17800,Home Office,305.513,0.0,4
202206,MT-18070,Home Office,823.725,0.0,3
202206,NC-18625,Corporate,720.76,0.0,1
202206,ND-18460,Corporate,1347.52,0.0,1
202206,NH-18610,Corporate,421.42,0.0,2
202206,NK-18490,Home Office,74.352,0.0,1
202206,NP-18700,Consumer,431.928,0.0,1
202206,NR-18550,Consumer,1111.698,0.0,8
202206,NS-18640,Corporate,20.736,0.0,1
202206,OT-18730,Consumer,83.76,0.0,1
202206,PF-19165,Consumer,169.28,0.0,2
202206,PG-18895,Consumer,718.22,0.0,3
202206,PJ-19015,Consumer,4.464,0.0,1
202206,PL-18925,Home Office,50.415000000000006,0.0,3
202206,PW-19030,Corporate,1433.19,0.0,3
202206,RA-19945,Consumer,146.352,0.0,1
202206,RB-19465,Home Office,487.96,0.0,1
202206,SB-20170,Consumer,954.548,0.0,4
202206,SB-20185,Consumer,91.416,0.0,2
202206,SC-20260,Corporate,913.168,0.0,4
202206,SC-20305,Consumer,132.52,0.0,1
202206,SC-20575,Consumer,102.93,0.0,1
202206,SC-20725,Consumer,239.97,0.0,1
202206,SC-20800,Consumer,4.26,0.0,1
202206,SD-20485,Home Office,683.022,0.0,3
202206,SR-20740,Home Office,3505.84,0.0,2
202206,SS-20140,Corporate,60.622,0.0,3
202206,ST-20530,Consumer,36.352,0.0,2
202206,TB-21400,Consumer,719.408,0.0,5
202206,TD-20995,Consumer,19.56,0.0,1
202206,TH-21235,Corporate,490.39200000000005,0.0,3
202206,TH-21550,Home Office,564.38,0.0,3
202206,TR-21325,Consumer,249.79,0.0,2
202206,TS-21205,Corporate,2942.784,0.0,7
202206,TS-21610,Consumer,1240.356,0.0,3
202206,TW-21025,Home Office,291.136,0.0,1
202206,WB-21850,Consumer,1100.62,0.0,4
202206,ZC-21910,Consumer,153.456,0.0,4
202206,ZD-21925,Consumer,61.44,0.0,1
202210,AC-10450,Consumer,1793.98,843.1706,1
202210,AG-10495,Corporate,114.376,24.6492,4
202210,AG-10765,Home Office,40.852000000000004,-66.0118,2
202210,AH-10075,Corporate,1169.98,-54.1212,6
202210,AH-10210,Consumer,348.56,104.568,1
202210,AJ-10780,Corporate,307.776,111.5688,1
202210,AJ-10945,Consumer,9.344,1.8688,1
202210,AJ-10960,Consumer,10.64,2.7664,1
202210,AS-10045,Corporate,171.288,-6.4233,1
202210,BD-11620,Consumer,582.0699999999999,78.0919,2
202210,BF-10975,Corporate,20.664,6.9741,1
202210,BF-11020,Corporate,52.792,4.6193,1
202210,BF-11215,Home Office,55.616,5.5616,1
202210,BK-11260,Consumer,46.36,15.2988,1
202210,BO-11425,Consumer,124.75,57.385,1
202210,BP-11050,Corporate,42.76,11.1176,1
202210,BP-11155,Consumer,49.12,23.0864,1
202210,BT-11530,Home Office,159.98,47.994,1
202210,CA-12265,Consumer,340.4312,-90.5998,3
202210,CC-12430,Home Office,462.52000000000004,91.8899,3
202210,CC-12475,Consumer,164.88,80.7912,1
202210,CK-12760,Corporate,719.095,-473.26980000000003,2
202210,CM-12115,Consumer,386.62,38.237899999999996,2
202210,CM-12160,Consumer,401.36400000000003,-81.4582,2
202210,CM-12655,Home Office,1704.89,767.2005,1
202210,CP-12085,Corporate,45.888,9.1776,1
202210,CR-12730,Consumer,904.9,253.372,1
202210,CR-12820,Home Office,681.9100000000001,133.2009,3
202210,CS-11845,Corporate,183.59,89.06439999999999,3
202210,CS-11950,Consumer,11.68,5.256,1
202210,CS-12250,Corporate,419.832,133.6767,4
202210,DB-13210,Consumer,85.52,22.2352,1
202210,DC-13285,Consumer,307.666,-14.4784,1
202210,DK-12835,Corporate,512.0640000000001,56.407399999999996,3
202210,DK-13090,Consumer,104.85,50.328,1
202210,DL-13495,Corporate,175.37,79.5342,2
202210,DM-13015,Consumer,837.796,46.1593,3
202210,DW-13195,Corporate,177.225,-120.513,1
202210,Dp-13240,Home Office,3464.8819999999996,-1016.6618,12
202210,EB-13705,Corporate,949.7719999999999,-9.289599999999993,2
202210,EB-13840,Corporate,643.52,81.7,4
202210,EB-14170,Consumer,10.816,3.5152,1
202210,EL-13735,Home Office,37.66,18.4534,1
202210,FC-14245,Home Office,171.848,12.5556,3
202210,FG-14260,Home Office,181.644,10.352200000000003,3
202210,GB-14530,Corporate,46.96,22.5408,1
202210,GG-14650,Corporate,753.112,-14.0445,6
202210,GH-14410,Home Office,599.985,-479.988,1
202210,GM-14440,Consumer,145.764,3.2392,1
202210,HA-14905,Consumer,582.304,-31.491200000000003,2
202210,HG-14845,Consumer,364.388,3.684400000000001,4
202210,HH-15010,Corporate,95.388,26.4606,4
202210,HL-15040,Consumer,22.58,5.8708,1
202210,HM-14860,Corporate,456.512,-40.1114,3
202210,IG-15085,Consumer,199.17,92.93079999999999,3
202210,JB-15400,Corporate,60.72,29.922,2
202210,JC-16105,Corporate,142.92000000000002,56.6044,4
202210,JE-16165,Corporate,24.678,9.3864,2
202210,JF-15190,Consumer,166.692,-2.9785000000000004,3
202210,JK-15205,Consumer,1993.772,557.3313,6
202210,JK-15625,Consumer,911.82,8.863000000000003,3
202210,JK-15730,Consumer,4.24,-6.36,1
202210,JK-16090,Consumer,374.61800000000005,-386.2183,4
202210,JM-15250,Consumer,273.08799999999997,2.3374000000000006,3
202210,JM-15655,Corporate,261.536,16.674799999999998,2
202210,JO-15145,Corporate,652.505,41.291,2
202210,JR-15700,Consumer,863.88,107.985,1
202210,JS-16030,Consumer,39.624,13.8684,1
202210,JW-15220,Corporate,5345.684,1945.4951999999998,5
202210,JW-15955,Consumer,9.46,3.6894,1
202210,KH-16510,Consumer,65.728,-0.5287999999999999,3
202210,KH-16630,Corporate,6.672,0.5004,1
202210,LO-17170,Corporate,47.98,23.99,1
202210,LW-16825,Corporate,20.64,2.322,1
202210,MA-17560,Home Office,109.24000000000001,30.1254,4
202210,MB-17305,Consumer,321.202,-26.7895,2
202210,MC-17275,Consumer,14.73,7.2177,1
202210,MC-18100,Consumer,481.472,-49.569599999999994,4
202210,MD-17860,Corporate,909.12,9.0912,1
202210,MG-17650,Home Office,1171.792,160.1547,3
202210,MG-18145,Consumer,1324.574,198.86939999999998,3
202210,MH-17455,Consumer,309.488,33.8598,2
202210,MH-18025,Consumer,1541.51,363.6841,3
202210,ML-17395,Corporate,64.38,4.547999999999999,2
202210,ML-18040,Corporate,674.872,125.152,2
202210,MM-18055,Consumer,102.65599999999999,32.949,2
202210,MM-18280,Corporate,40.99,20.0851,1
202210,MO-17500,Consumer,91.275,-67.5435,1
202210,MP-17965,Corporate,89.26,23.2076,2
202210,MP-18175,Home Office,121.816,48.5818,3
202210,MY-17380,Corporate,547.3,175.136,1
202210,MY-18295,Corporate,30.336,5.8836,2
202210,NB-18655,Corporate,68.967,17.2347,3
202210,ND-18370,Consumer,8.559,-6.5619,1
202210,NF-18385,Consumer,673.344,-76.9536,1
202210,NK-18490,Home Office,120.686,39.3614,3
202210,NP-18670,Consumer,2258.28,160.4214,4
202210,NS-18505,Consumer,413.784,91.34660000000001,4
202210,NZ-18565,Home Office,307.74,87.22200000000001,3
202210,OT-18730,Consumer,608.4300000000001,173.8755,2
202210,PG-18895,Consumer,26.15,9.7534,2
202210,PH-18790,Home Office,729.648,47.8878,2
202210,PO-18850,Consumer,550.877,-74.7433,3
202210,PO-19195,Home Office,236.722,28.798399999999997,2
202210,PS-18970,Home Office,56.42,20.6166,2
202210,PT-19090,Consumer,59.824,8.8804,4
202210,PV-18985,Home Office,1687.2600000000002,246.8132,2
202210,RA-19945,Consumer,321.39,-72.56660000000001,3
202210,RB-19330,Consumer,337.81800000000004,-74.30619999999999,4
202210,RB-19465,Home Office,24.55,12.0295,1
202210,RB-19795,Home Office,63.824,13.5626,1
202210,RD-19480,Consumer,16.68,5.2125,1
202210,RD-19810,Home Office,204.98000000000002,38.321,4
202210,RF-19735,Consumer,275.65,107.6926,4
202210,RS-19420,Corporate,13.05,6.003,1
202210,RS-19765,Corporate,715.19,106.8035,2
202210,RW-19630,Corporate,65.99,17.1574,1
202210,RW-19690,Consumer,441.71999999999997,132.33960000000002,2
202210,SA-20830,Consumer,21.93,10.3071,1
202210,SC-20050,Home Office,11.646,-17.469,1
202210,SC-20440,Corporate,142.98000000000002,-78.4845,2
202210,SC-20695,Corporate,37.208,-94.8804,2
202210,SH-19975,Corporate,24.288,8.184,2
202210,SL-20155,Home Office,1702.0300000000002,437.28560000000004,2
202210,SM-20320,Home Office,7.968,2.6892,1
202210,SN-20710,Home Office,254.604,-18.186,1
202210,SP-20860,Corporate,39.984,-1.4994,1
202210,SP-20920,Consumer,23.992,-62.3792,1
202210,SS-20140,Corporate,62.92,15.7132,2
202210,SV-20815,Corporate,11.68,4.2048,1
202210,SW-20245,Consumer,239.358,-47.8716,1
202210,TA-21385,Home Office,13716.458,4597.1657000000005,4
202210,TH-21550,Home Office,1633.188,-1306.5504,1
202210,TN-21040,Home Office,104.75,21.9975,1
202210,TS-21370,Corporate,5509.142,1398.3494000000003,3
202210,TS-21610,Consumer,170.572,-131.409,3
202210,TW-21025,Home Office,44.784,16.2342,1
202210,VP-21760,Corporate,1893.786,-964.4829,2
202210,XP-21865,Consumer,185.38,88.6304,3
202212,AA-10375,Consumer,149.872,42.3643,3
202212,AB-10165,Consumer,39.792,13.804200000000002,2
202212,AC-10450,Consumer,1665.62,33.3124,1
202212,AC-10615,Corporate,37.93,6.8274,1
202212,AD-10180,Home Office,916.59,260.5332,2
202212,AG-10330,Consumer,412.152,-66.88009999999998,7
202212,AH-10030,Corporate,18.704,2.338,1
202212,AH-10210,Consumer,1003.62,0.0,1
202212,AH-10585,Consumer,15.984,4.995,1
202212,AI-10855,Consumer,568.586,71.686,2
202212,AM-10360,Corporate,178.89000000000001,58.3446,5
202212,AR-10510,Consumer,10.8,5.184,1
202212,AR-10540,Consumer,17.88,5.5875,1
202212,AS-10090,Consumer,34.65,10.395,1
202212,AS-10225,Corporate,69.48,20.844,1
202212,AS-10285,Corporate,116.312,23.2624,1
202212,AT-10435,Home Office,1096.488,93.2382,3
202212,AT-10735,Consumer,315.89599999999996,77.41460000000001,3
202212,AW-10840,Consumer,321.248,26.9448,2
202212,AY-10555,Corporate,222.03199999999998,31.0424,4
202212,BB-11545,Corporate,1378.948,80.4412,3
202212,BD-11635,Consumer,71.0,27.69,1
202212,BF-11080,Consumer,32.67,15.1389,2
202212,BF-11170,Home Office,1843.402,432.3557,5
202212,BG-11035,Consumer,32.776,2.4582,1
202212,BH-11710,Consumer,372.64,113.17920000000001,2
202212,BN-11470,Corporate,10.68,2.8836,1
202212,BN-11515,Consumer,12.51,3.4953000000000003,2
202212,BP-11095,Corporate,383.952,-3.5979,2
202212,BP-11185,Corporate,578.8439999999999,116.7756,6
202212,BP-11290,Consumer,233.532,38.4219,4
202212,BS-11380,Corporate,1915.624,-316.464,7
202212,BS-11755,Consumer,88.06,30.142,2
202212,BT-11680,Consumer,19.104,5.7312,1
202212,CA-12310,Corporate,590.084,142.9274,4
202212,CB-12415,Consumer,61.568,4.6176,1
202212,CC-12220,Consumer,437.65000000000003,128.8733,2
202212,CC-12430,Home Office,209.3,56.511,1
202212,CC-12550,Consumer,65.856,29.073,3
202212,CC-12670,Consumer,259.44,19.7043,3
202212,CM-12115,Consumer,474.95,142.485,1
202212,CM-12160,Consumer,5.346,-4.455,1
202212,CM-12190,Consumer,638.68,104.9932,2
202212,CM-12655,Home Office,521.96,88.7332,1
202212,CS-11950,Consumer,51.41,15.445599999999999,2
202212,CS-12250,Corporate,11.76,5.7624,1
202212,CS-12355,Consumer,712.85,300.53380000000004,2
202212,CS-12400,Home Office,28.38,13.559000000000001,2
202212,CS-12460,Consumer,238.68400000000003,72.9897,4
202212,CV-12805,Corporate,41.96,10.9096,1
202212,CW-11905,Home Office,592.74,160.0398,1
202212,DB-12910,Home Office,193.917,-17.7862,2
202212,DB-13060,Consumer,400.84799999999996,-272.8968,3
202212,DB-13210,Consumer,706.1500000000001,255.97480000000002,7
202212,DB-13660,Consumer,18.96,8.532,1
202212,DC-13285,Consumer,82.38,25.5378,1
202212,DJ-13630,Consumer,2888.518,669.7832,4
202212,DK-12835,Corporate,927.44,252.709,3
202212,DK-12985,Consumer,303.32,-34.430099999999996,3
202212,DK-13150,Corporate,364.272,171.44400000000002,3
202212,DK-13225,Corporate,13.464,5.467499999999999,2
202212,DK-13375,Consumer,1.392,-3.7584,1
202212,DL-13315,Consumer,433.78000000000003,51.5692,4
202212,DM-13345,Corporate,243.584,93.8998,4
202212,DO-13645,Consumer,498.15000000000003,65.2902,3
202212,DP-13105,Corporate,53.872,16.4576,2
202212,DR-12880,Corporate,177.636,-31.974200000000003,2
202212,DS-13180,Corporate,19.104,6.6864,2
202212,DV-13045,Corporate,1062.363,-450.03499999999997,5
202212,DV-13465,Consumer,1020.2629999999999,91.38999999999999,5
202212,EB-13975,Corporate,34.623999999999995,10.9938,2
202212,EG-13900,Consumer,215.544,-58.5048,1
202212,EH-14005,Home Office,232.42200000000003,31.8164,3
202212,EP-13915,Consumer,112.47,52.8093,6
202212,ES-14080,Corporate,170.916,-23.4718,2
202212,FH-14365,Corporate,424.172,54.53,2
202212,FM-14215,Corporate,181.95,38.2095,1
202212,FP-14320,Consumer,374.376,46.797,1
202212,GA-14725,Consumer,160.162,-122.60159999999999,5
202212,GB-14575,Consumer,544.38,157.8702,1
202212,GD-14590,Corporate,3.856,1.3978,1
202212,GH-14665,Consumer,106.02080000000001,-8.8792,2
202212,GM-14455,Home Office,282.688,46.931200000000004,3
202212,GW-14605,Consumer,631.176,-462.8624,1
202212,GZ-14470,Consumer,13.48,5.9312,1
202212,HA-14920,Consumer,14.2,3.3725,1
202212,HE-14800,Corporate,129.29,33.8443,2
202212,HF-14995,Consumer,43.85,20.483,2
202212,HG-14965,Corporate,1889.99,-2929.4845,1
202212,HG-15025,Consumer,286.14,53.1655,2
202212,HM-14860,Corporate,7.4,3.034,1
202212,HP-14815,Home Office,1311.372,285.4993,2
202212,HR-14770,Home Office,11.808,4.2804,1
202212,JB-15400,Corporate,189.71200000000002,41.6096,2
202212,JE-16165,Corporate,14.76,4.2804,1
202212,JF-15415,Consumer,134.524,56.4337,4
202212,JG-15160,Consumer,695.944,-21.598200000000002,2
202212,JG-15310,Corporate,1256.844,51.513000000000005,3
202212,JH-15430,Consumer,141.0,-1.4249999999999998,2
202212,JH-15985,Consumer,376.1,68.8809,5
202212,JK-16090,Consumer,2479.96,743.988,1
202212,JL-15130,Consumer,1090.348,-220.5622,5
202212,JL-15175,Home Office,850.92,107.2194,2
202212,JL-15835,Consumer,1827.5099999999998,764.8837,7
202212,JM-15580,Consumer,3.024,-0.6048,1
202212,JM-15655,Corporate,126.98,26.909299999999998,4
202212,JP-15520,Consumer,1824.184,422.2634,6
202212,JS-16030,Consumer,303.372,-769.7316,2
202212,JW-15955,Consumer,95.94,9.594,1
202212,KB-16240,Corporate,16.032,5.6112,1
202212,KB-16600,Corporate,247.896,95.6208,4
202212,KE-16420,Corporate,11.352,2.6961,1
202212,KH-16360,Consumer,1814.6799999999998,494.86490000000003,5
202212,KH-16510,Consumer,3955.507,431.8162,9
202212,KH-16690,Corporate,725.84,210.4936,1
202212,KL-16555,Corporate,204.55,78.8145,2
202212,KM-16225,Corporate,422.858,110.6334,6
202212,KM-16660,Consumer,273.926,41.7843,3
202212,KM-16720,Consumer,1271.17,364.6807,3
202212,KN-16390,Corporate,128.85,3.8655,1
202212,LC-16870,Consumer,306.36,50.2934,8
202212,LC-16885,Consumer,974.988,-97.4988,1
202212,LC-17140,Consumer,94.754,-167.7375,3
202212,LE-16810,Consumer,444.768,44.4768,1
202212,LF-17185,Consumer,218.81,52.9647,3
202212,LH-16900,Consumer,143.856,48.5514,1
202212,LO-17170,Corporate,125.97999999999999,-9.7236,4
202212,LP-17095,Consumer,375.34,18.767,1
202212,LR-16915,Consumer,649.0,-272.58,1
202212,LS-16975,Home Office,34.5,15.525,1
202212,LT-16765,Consumer,74.352,23.235,1
202212,LW-17215,Consumer,54.9,26.901,1
202212,MC-17575,Consumer,98.446,-7.722800000000001,3
202212,MC-17845,Consumer,1675.6299999999999,119.8267,2
202212,ME-17725,Consumer,857.9000000000001,213.693,2
202212,MF-18250,Corporate,1152.87,287.244,5
202212,MG-17650,Home Office,7.712,1.7352,1
202212,MH-18115,Home Office,819.28,372.80580000000003,4
202212,MJ-17740,Consumer,97.236,-17.3538,2
202212,MK-17905,Corporate,47.96,4.1965,1
202212,ML-17755,Home Office,1293.576,190.0308,2
202212,MM-17920,Consumer,94.656,-52.891999999999996,3
202212,MP-18175,Home Office,134.91,54.300000000000004,3
202212,MS-17980,Corporate,588.008,-20.382799999999996,5
202212,MV-17485,Consumer,13.592,-14.2716,1
202212,MV-18190,Consumer,63.339999999999996,21.4772,2
202212,MW-18220,Consumer,31.44,8.4888,1
202212,MY-17380,Corporate,10.368,3.6288,1
202212,MZ-17335,Home Office,25.83,9.5571,1
202212,NB-18655,Corporate,6.54,2.1582,1
202212,NC-18535,Corporate,464.145,152.3007,4
202212,ND-18370,Consumer,47.992,7.1988,1
202212,NP-18325,Consumer,92.94,41.823,1
202212,NS-18505,Consumer,264.32,19.824,1
202212,PB-18805,Home Office,497.044,125.8218,5
202212,PC-18745,Corporate,1.188,-0.99,1
202212,PK-19075,Consumer,23.88,11.2236,1
202212,PL-18925,Home Office,22.77,9.7911,1
202212,PN-18775,Home Office,71.976,8.997,1
202212,PO-18850,Consumer,44.75,20.585,1
202212,PO-18865,Consumer,498.64200000000005,48.3105,4
202212,QJ-19255,Corporate,205.03,67.6599,1
202212,RA-19285,Consumer,308.496,20.982599999999998,3
202212,RA-19915,Consumer,286.485,61.2374,3
202212,RB-19435,Consumer,798.9300000000001,355.8785,3
202212,RB-19465,Home Office,188.18,21.3626,3
202212,RB-19570,Consumer,199.73,74.8437,3
202212,RD-19720,Consumer,11.088,-8.1312,1
202212,RD-19810,Home Office,33.376,10.43,1
202212,RF-19840,Consumer,35.91,9.6957,1
202212,RM-19675,Home Office,2970.4320000000002,1041.9132,2
202212,RP-19855,Corporate,12.16,2.128,1
202212,RR-19315,Consumer,608.552,-77.3036,3
202212,RS-19870,Home Office,12.68,6.0864,2
202212,SC-20305,Consumer,422.909,-28.9195,3
202212,SC-20380,Consumer,2165.658,-571.6885,2
202212,SC-20800,Consumer,2.368,0.8288,1
202212,SE-20110,Consumer,124.36,33.5772,1
202212,SG-20080,Consumer,839.43,218.2518,1
202212,SH-19975,Corporate,627.8399999999999,41.8846,3
202212,SH-20395,Consumer,127.984,25.5968,1
202212,SJ-20215,Consumer,536.858,6.6099,2
202212,SK-19990,Consumer,631.5989999999999,93.18090000000001,2
202212,SM-20950,Corporate,334.52000000000004,93.08639999999998,3
202212,SO-20335,Consumer,183.82,60.005399999999995,2
202212,SR-20425,Home Office,141.96,35.49,1
202212,SS-20140,Corporate,10.192,1.0192,1
202212,SU-20665,Home Office,684.78,280.7697,3
202212,SV-20935,Consumer,674.7130000000001,-69.6179,7
202212,SW-20275,Consumer,173.8,43.45,1
202212,TB-21625,Consumer,1079.316,-15.4188,1
202212,TC-21295,Consumer,166.44,79.8912,1
202212,TC-21535,Home Office,53.172,22.41,2
202212,TP-21130,Consumer,2834.98,753.6478,7
202212,TS-21505,Consumer,193.63400000000001,-197.232,3
202212,TT-21460,Home Office,5.76,1.6704,1
202212,VF-21715,Home Office,28.16,13.2352,1
202212,VP-21730,Home Office,899.1099999999999,170.87900000000002,3
202212,VW-21775,Corporate,678.1,208.81019999999998,3
202212,WB-21850,Consumer,91.193,12.8767,2
202212,YC-21895,Corporate,750.68,37.534,1
202212,YS-21880,Corporate,1000.02,290.0058,1
